[{"title":"For Greater Glory: The True Story of Cristiada","author":"Alley Ballach","category":"Drama|War","language":"Greek"},
{"title":"Father and Son (Otets i syn)","author":"Melonie de Savery","category":"Drama","language":"Latvian"},
{"title":"Start the Revolution Without Me","author":"Jannelle Drepp","category":"Comedy","language":"Northern Sotho"},
{"title":"Presidio, The","author":"Dewey Wathall","category":"Action|Crime|Romance|Thriller","language":"Marathi"},
{"title":"Melissa P.","author":"Beverley Monget","category":"Drama","language":"Tetum"},
{"title":"Sheitan","author":"Arch Ziehms","category":"Comedy|Horror|Thriller","language":"Tajik"},
{"title":"Forsaken, The","author":"Roxane Capron","category":"Horror","language":"Northern Sotho"},
{"title":"Rampage","author":"Tandy L'argent","category":"Action|Crime|Thriller","language":"Dari"},
{"title":"Blade, The (Dao)","author":"Othelia Brockett","category":"Action|Drama","language":"Korean"},
{"title":"Three Musketeers, The","author":"Moll Steer","category":"Action|Adventure|Romance","language":"Kyrgyz"},
{"title":"Ninja III: The Domination","author":"Georas Parks","category":"Action","language":"Moldovan"},
{"title":"Faat Kiné","author":"Lennie Guillerman","category":"Comedy|Drama","language":"Indonesian"},
{"title":"Viridiana","author":"Zedekiah Capaldi","category":"Comedy|Drama","language":"Bislama"},
{"title":"The Emperor of California","author":"Joe Donat","category":"Western","language":"Amharic"},
{"title":"Trip, The","author":"Lincoln Makiver","category":"Comedy|Drama|Romance","language":"Gujarati"},
{"title":"Por un puñado de besos","author":"Alena Jeste","category":"Drama|Romance","language":"Zulu"},
{"title":"Born Losers, The","author":"Leonidas Bayly","category":"Action|Drama|Thriller","language":"Dhivehi"},
{"title":"That Day (Ce jour-là)","author":"Scott Kitcher","category":"Comedy|Crime|Drama|Mystery","language":"Tajik"},
{"title":"Rage at Dawn","author":"Gypsy Ruter","category":"Western","language":"Italian"},
{"title":"Children of the Corn","author":"Sibley Molian","category":"Drama|Horror|Thriller","language":"Amharic"},
{"title":"Captive Women (1000 Years from Now) (3000 A.D.)","author":"Gilberta Robke","category":"Sci-Fi","language":"Nepali"},
{"title":"Ladies Man, The","author":"Pearline Blare","category":"Comedy","language":"Luxembourgish"},
{"title":"Red Riding: 1980","author":"Birk Houselee","category":"Crime|Drama|Mystery","language":"Hiri Motu"},
{"title":"Lost and Found","author":"Ev Coslett","category":"(no genres listed)","language":"Pashto"},
{"title":"Love, Honour and Obey","author":"Livvy Meany","category":"Comedy|Crime|Drama","language":"Khmer"},
{"title":"Jack's Back ","author":"Clayson Schule","category":"Crime|Horror|Mystery|Thriller","language":"Nepali"},
{"title":"Eden Is West (Eden à l'Ouest)","author":"Caresa Middlewick","category":"Drama","language":"Armenian"},
{"title":"Sister My Sister","author":"Bobbee Rawlin","category":"Drama","language":"Dhivehi"},
{"title":"Wind, The","author":"Ray Talbot","category":"Drama|Western","language":"Papiamento"},
{"title":"Because I Said So","author":"Stacia Oakenford","category":"Comedy|Drama|Romance","language":"Korean"},
{"title":"Chuck & Buck","author":"Kalie Gladdifh","category":"Comedy|Drama","language":"Finnish"},
{"title":"Watermelon Man","author":"Lyndy Siemens","category":"Comedy|Drama","language":"Japanese"},
{"title":"Body Snatcher, The","author":"Chaddy Melrose","category":"Drama|Horror|Thriller","language":"Croatian"},
{"title":"Hands Over the City (Le mani sulla città)","author":"Kristyn Gadsby","category":"Drama","language":"Khmer"},
{"title":"Happiest Girl in the World, The (Cea mai fericita fata din lume)","author":"Scot Carah","category":"Drama","language":"Macedonian"},
{"title":"The Noble Family","author":"Mordecai Asken","category":"Comedy","language":"Sotho"},
{"title":"Long Day's Journey Into Night","author":"Bunny Bone","category":"Drama","language":"Tamil"},
{"title":"Attack, The","author":"Inness Ianson","category":"Romance|Thriller","language":"Belarusian"},
{"title":"Dry Summer (Susuz yaz) (Reflections)","author":"Germain Melmore","category":"Drama","language":"Swahili"},
{"title":"Kiss Them for Me","author":"Puff Petrenko","category":"Comedy|Romance|War","language":"Dari"},
{"title":"Crocodile Hunter: Collision Course, The","author":"Valene Deavall","category":"Adventure|Comedy","language":"Tok Pisin"},
{"title":"Parisian Love","author":"Aylmar Kirmond","category":"Comedy|Crime|Drama|Romance","language":"French"},
{"title":"Hatchet for the Honeymoon (Rosso segno della follia, Il)","author":"Oralla Loder","category":"Fantasy|Horror|Thriller","language":"New Zealand Sign Language"},
{"title":"Freedom Downtime","author":"Hedvig Maddra","category":"Adventure|Crime|Documentary","language":"Filipino"},
{"title":"Universal Soldier: Day of Reckoning","author":"Ogdan Nickolls","category":"Action|Sci-Fi|Thriller","language":"Malayalam"},
{"title":"Corridor, The","author":"Lyndsie Guerner","category":"Horror|Thriller","language":"Hungarian"},
{"title":"Pinocchio and the Emperor of the Night","author":"Venus Yukhtin","category":"Animation|Children|Fantasy","language":"Marathi"},
{"title":"Double Wedding","author":"Russell Jahnel","category":"Comedy|Romance","language":"Bislama"},
{"title":"French Connection II","author":"Yorgo Licence","category":"Action|Crime|Drama|Thriller","language":"Italian"},
{"title":"Loves of Pharaoh, The (Das Weib des Pharao)","author":"Cinda Cabrara","category":"Drama|Romance|War","language":"Bislama"},
{"title":"Princesas","author":"Mellie Males","category":"Drama","language":"Somali"},
{"title":"Stir Crazy","author":"Granny Louca","category":"Comedy","language":"Arabic"},
{"title":"How to Draw a Bunny","author":"Cati Haughian","category":"Documentary","language":"Norwegian"},
{"title":"Diary of a Lost Girl (Tagebuch einer Verlorenen)","author":"Tommie Battleson","category":"Drama","language":"Hindi"},
{"title":"Naked Kiss, The","author":"Micheline Piesing","category":"Drama","language":"Bislama"},
{"title":"How to Die in Oregon","author":"Rich Wing","category":"Documentary|Drama","language":"Indonesian"},
{"title":"Battle for Brooklyn","author":"Hammad Lappine","category":"Documentary","language":"Gagauz"},
{"title":"Road to Utopia","author":"Nissa Philcock","category":"Comedy","language":"Pashto"},
{"title":"Platoon","author":"Idalina Toderbrugge","category":"Drama|War","language":"Maltese"},
{"title":"Interview with the Vampire: The Vampire Chronicles","author":"Ede Curtois","category":"Drama|Horror","language":"Malay"},
{"title":"Shoulder Arms","author":"Cathe Hynd","category":"Comedy|War","language":"Kurdish"},
{"title":"Mr. Nanny","author":"Fleurette Summergill","category":"Action|Children|Comedy","language":"Korean"},
{"title":"Last Man Standing","author":"Rocky Scranedge","category":"Action|Crime|Drama|Thriller","language":"Hiri Motu"},
{"title":"Sisters","author":"Corena Longstaff","category":"Horror|Thriller","language":"Fijian"},
{"title":"Hedgehog in the Fog","author":"Merry Paulat","category":"Animation","language":"Northern Sotho"},
{"title":"How Bruce Lee Changed the World","author":"Hermann Lattimer","category":"Documentary","language":"Moldovan"},
{"title":"Love Potion #9","author":"Vania Rogan","category":"Comedy|Romance","language":"Greek"},
{"title":"Flat, The","author":"Aloise Stairmond","category":"Documentary","language":"Sotho"},
{"title":"The Finzi Detective Agency","author":"Susannah Basley","category":"Comedy|Crime","language":"Tetum"},
{"title":"Promise of the Flesh (Yukcheui yaksok)","author":"Breanne Coyte","category":"(no genres listed)","language":"Maltese"},
{"title":"Just Bea (Bare Bea)","author":"Cassy Driutti","category":"Drama","language":"Swati"},
{"title":"Heavy Weather","author":"Marchall Rozec","category":"Comedy","language":"Arabic"},
{"title":"Miss Austen Regrets","author":"Clareta Rosier","category":"Drama","language":"Tamil"},
{"title":"Cheech & Chong: Still Smokin'","author":"Nahum Linsey","category":"Comedy","language":"Italian"},
{"title":"Allan Quatermain and the Lost City of Gold","author":"Eugenia Cheesley","category":"Action|Adventure|Comedy","language":"Albanian"},
{"title":"Titanic","author":"Zollie Adamou","category":"Drama|Romance","language":"Romanian"},
{"title":"Malone","author":"Linoel Burless","category":"Action|Drama|Thriller","language":"Gujarati"},
{"title":"Scanners III: The Takeover (Scanner Force)","author":"Nollie De La Salle","category":"Action|Horror|Sci-Fi","language":"Tswana"},
{"title":"Longest Yard, The","author":"Haskel Roset","category":"Comedy","language":"New Zealand Sign Language"},
{"title":"Happy Christmas","author":"Kenna Matussow","category":"Comedy|Drama","language":"Mongolian"},
{"title":"The Captains","author":"Maddi Eteen","category":"Documentary|Sci-Fi","language":"Azeri"},
{"title":"Horseman, The","author":"Jamima Yankeev","category":"Crime|Thriller","language":"Kurdish"},
{"title":"Jubilation Street","author":"Liuka Ferreira","category":"(no genres listed)","language":"Kurdish"},
{"title":"What Fault Is It of Ours?","author":"Ingunna Winslet","category":"Comedy","language":"Telugu"},
{"title":"Ulee's Gold","author":"Chilton Aikman","category":"Drama","language":"Icelandic"},
{"title":"Stuck ","author":"Madelle Peniello","category":"Documentary","language":"Marathi"},
{"title":"Auggie Rose (a.k.a. Beyond Suspicion)","author":"Bald Gilleon","category":"Drama|Mystery|Thriller","language":"Nepali"},
{"title":"Boeing, Boeing","author":"Cchaddie Rexworthy","category":"Comedy","language":"Māori"},
{"title":"Man's Best Friend","author":"Gael Cyson","category":"Horror|Sci-Fi|Thriller","language":"Dutch"},
{"title":"Macabre","author":"Gracia Landy","category":"Horror|Thriller","language":"Albanian"},
{"title":"Easy Virtue","author":"Ernest Berthelmot","category":"Comedy|Romance","language":"Papiamento"},
{"title":"Wrestler, The (Painija)","author":"Thorvald Craigmyle","category":"Comedy|Drama|Fantasy","language":"Catalan"},
{"title":"Forgetting the Girl","author":"Alard Gallymore","category":"Drama","language":"Lao"},
{"title":"Sophie's Choice","author":"Tobey Bilovsky","category":"Drama","language":"Danish"},
{"title":"Little Bit of Soul, A","author":"Raphael O'Driscole","category":"Comedy","language":"Malagasy"},
{"title":"Tree, The","author":"Wilow Elphick","category":"Children|Drama","language":"Romanian"},
{"title":"The Rebel","author":"Maddi McCool","category":"Action|Crime|Drama|Thriller","language":"Lithuanian"},
{"title":"My Darling Clementine","author":"Kristi Quantrell","category":"Western","language":"Finnish"},
{"title":"Eerie Tales (Unheimliche Geschichten)","author":"Berny Blaxeland","category":"Fantasy|Horror|Mystery","language":"Sotho"},
{"title":"B.F.'s Daughter","author":"Lesli Torns","category":"Drama|Romance","language":"Haitian Creole"},
{"title":"Saint Ange (House of Voices)","author":"Ulrike Weaving","category":"Drama|Fantasy|Horror|Mystery","language":"Thai"},
{"title":"Guilt Trip, The","author":"Devin Dougliss","category":"Comedy","language":"Gagauz"},
{"title":"Human Centipede II (Full Sequence), The","author":"Benoite Gallaher","category":"Horror","language":"Dzongkha"},
{"title":"Man of the House","author":"Ambrose Van Leijs","category":"Comedy","language":"Punjabi"},
{"title":"Oranges","author":"Quillan Syratt","category":"Drama","language":"Azeri"},
{"title":"Semper Fi","author":"Doti Aldersley","category":"Action|Drama","language":"Chinese"},
{"title":"Bank, The","author":"Cletis Chatwin","category":"Thriller","language":"Malayalam"},
{"title":"Matrimonial Comedy (Komedia malzenska)","author":"Katherine Eade","category":"Comedy","language":"Arabic"},
{"title":"Wisdom of Crocodiles, The (a.k.a. Immortality)","author":"Alvira Heigold","category":"Romance|Thriller","language":"Malagasy"},
{"title":"For Love or Country: The Arturo Sandoval Story","author":"Levon Grimsdike","category":"Drama|Musical","language":"Kazakh"},
{"title":"Dream (Bi-mong)","author":"Matthaeus Howship","category":"Drama|Fantasy|Mystery|Romance","language":"Danish"},
{"title":"Tale of Zatoichi, The (Zatôichi monogatari) (Zatôichi 1)","author":"Opalina Kalkofen","category":"Drama","language":"Bislama"},
{"title":"Slap Shot 2: Breaking the Ice","author":"Javier Spreadbury","category":"Comedy","language":"Luxembourgish"},
{"title":"Patriot, The","author":"Garth Giriardelli","category":"Action|Thriller","language":"Moldovan"},
{"title":"Nightmare Factory","author":"Evelyn Streak","category":"Documentary","language":"Kurdish"},
{"title":"Shadow Company","author":"Shurlocke Impleton","category":"Documentary|War","language":"Marathi"},
{"title":"Halls of Montezuma","author":"Joceline Lanham","category":"Adventure|War","language":"Japanese"},
{"title":"Bloodbath at the House of Death","author":"Dallas Helwig","category":"Comedy|Horror","language":"West Frisian"},
{"title":"Complete History of My Sexual Failures, A","author":"Ginelle Valois","category":"Comedy|Documentary","language":"Sotho"},
{"title":"Joni's Promise","author":"Byran Eberz","category":"Comedy","language":"Marathi"},
{"title":"Wild Angels, The","author":"Porter Barks","category":"Action|Drama","language":"Chinese"},
{"title":"Why Has Bodhi-Dharma Left for the East?: A Zen Fable (Dharmaga tongjoguro kan kkadalgun)","author":"Clotilda Epton","category":"Drama","language":"Northern Sotho"},
{"title":"Beekeeper, The (O melissokomos)","author":"Shalom Keme","category":"Drama","language":"Icelandic"},
{"title":"Close","author":"Zorah Willmer","category":"Drama","language":"Tsonga"},
{"title":"Lonely Are the Brave","author":"Hi Cogle","category":"Drama|Western","language":"Amharic"},
{"title":"Slaughter","author":"Staci McGorley","category":"Horror|Thriller","language":"Northern Sotho"},
{"title":"Meet Me in St. Louis","author":"Roshelle Cinnamond","category":"Musical","language":"Haitian Creole"},
{"title":"Rock of Ages","author":"Liam Cappel","category":"Comedy|Drama|Musical|IMAX","language":"Tswana"},
{"title":"In the Shadow of the Moon","author":"Tomaso Phipps","category":"Documentary","language":"West Frisian"},
{"title":"Joint Security Area (Gongdong gyeongbi guyeok JSA)","author":"Junette Windous","category":"Crime|Drama|Mystery|Thriller|War","language":"Telugu"},
{"title":"In Dreams","author":"Lilian Bispo","category":"Horror|Thriller","language":"Albanian"},
{"title":"Ocean's Twelve","author":"Gino Tickel","category":"Action|Comedy|Crime|Thriller","language":"Arabic"},
{"title":"Legend of Rita, The (Stille nach dem Schuß, Die)","author":"Gardner Bushell","category":"Drama","language":"Assamese"},
{"title":"Evening Star, The","author":"Yovonnda Mapes","category":"Comedy|Drama","language":"Montenegrin"},
{"title":"Dead Man","author":"Conn Eddies","category":"Drama|Mystery|Western","language":"Maltese"},
{"title":"From the Earth to the Moon","author":"Kaye Howes","category":"Action|Documentary|Drama|Thriller","language":"New Zealand Sign Language"},
{"title":"X-Men: First Class","author":"Davis MacRanald","category":"Action|Adventure|Sci-Fi|Thriller|War","language":"Tajik"},
{"title":"The Boy","author":"Gabie Couzens","category":"(no genres listed)","language":"Zulu"},
{"title":"Beethoven's 2nd","author":"Juditha Ramelot","category":"Children|Comedy","language":"Dhivehi"},
{"title":"I Want You","author":"Arvy Windridge","category":"Drama|Romance","language":"Luxembourgish"},
{"title":"Frankie and Alice","author":"Hyacinthie Napper","category":"Drama","language":"Amharic"},
{"title":"Two Lives (Zwei Leben)","author":"Novelia Stood","category":"Drama|Thriller","language":"Zulu"},
{"title":"Hot Tub Time Machine","author":"Cassi Mebes","category":"Comedy|Sci-Fi","language":"Nepali"},
{"title":"Smoke","author":"Sukey Gheerhaert","category":"Comedy|Drama","language":"Azeri"},
{"title":"Gun in Betty Lou's Handbag, The","author":"Rosemonde Poll","category":"Comedy|Mystery","language":"French"},
{"title":"War at Home, The","author":"Amanda Knapton","category":"Drama","language":"Dari"},
{"title":"Life of Oharu, The (Saikaku ichidai onna)","author":"Borg Fitzpayn","category":"Drama","language":"Hungarian"},
{"title":"Ryan","author":"Shane Palphramand","category":"Animation|Documentary|Drama|Fantasy","language":"Mongolian"},
{"title":"Hellraiser: Deader","author":"Chrissie Bristow","category":"Horror","language":"Bislama"},
{"title":"Woman's Tale, A","author":"Debee Bader","category":"Drama","language":"Tok Pisin"},
{"title":"Spy Who Came in from the Cold, The","author":"Euphemia Toppes","category":"Drama|Thriller","language":"Papiamento"},
{"title":"Dedication","author":"Saudra Ragsdall","category":"Comedy|Drama|Romance","language":"German"},
{"title":"Collector, The","author":"Roosevelt Westmerland","category":"Crime|Horror|Thriller","language":"Bulgarian"},
{"title":"Suburbans, The","author":"Kane Izzett","category":"Drama","language":"Macedonian"},
{"title":"Morocco","author":"Adair Collier","category":"Drama|Romance","language":"Burmese"},
{"title":"Godzilla vs. Biollante (Gojira vs. Biorante) ","author":"Konstantin Itzkovwich","category":"Action|Sci-Fi","language":"Greek"},
{"title":"I Am Sam","author":"Jamima Cordier","category":"Drama","language":"Yiddish"},
{"title":"Dead Next Door, The","author":"Nickie Gulleford","category":"Horror","language":"Chinese"},
{"title":"BlinkyTM","author":"Ephraim Konrad","category":"Horror|Sci-Fi","language":"Gujarati"},
{"title":"Midnight Madness","author":"Babara Whittick","category":"Comedy","language":"Estonian"},
{"title":"Since Otar Left (Depuis qu'Otar est parti...)","author":"Teriann Gateley","category":"Drama","language":"Albanian"},
{"title":"Hardware","author":"Kahlil Birkmyr","category":"Action|Horror|Sci-Fi","language":"Aymara"},
{"title":"Jezebel","author":"Jody Gainsborough","category":"Drama","language":"Chinese"},
{"title":"Jerry Maguire","author":"Elwira Jaskowicz","category":"Drama|Romance","language":"Lithuanian"},
{"title":"Court Jester, The","author":"Lindsy Presshaugh","category":"Adventure|Comedy|Musical","language":"English"},
{"title":"Ghetto (Vilniaus Getas)","author":"L;urette Wyd","category":"War","language":"Spanish"},
{"title":"Ellen DeGeneres: The Beginning","author":"Shay Deguara","category":"Comedy","language":"Arabic"},
{"title":"Taste of Others, The (Le goût des autres)","author":"Ruthann Iacomelli","category":"Comedy|Drama|Romance","language":"English"},
{"title":"Deluge, The (Potop)","author":"Lloyd Klarzynski","category":"Adventure|War","language":"French"},
{"title":"Stevie","author":"Shaylynn Cribbott","category":"Drama|Horror","language":"Punjabi"},
{"title":"Sexual Predator","author":"Durand Izac","category":"Thriller","language":"Aymara"},
{"title":"Jailbait","author":"Alana Gurry","category":"Crime|Drama|Thriller","language":"Macedonian"},
{"title":"Romance in a Minor Key (Romanze in Moll)","author":"Nick Rome","category":"Drama|Romance","language":"Tetum"},
{"title":"Swimming with Sharks","author":"Dayle Andrys","category":"Comedy|Drama","language":"Nepali"},
{"title":"8 Women","author":"Karly Reppaport","category":"Comedy|Crime|Musical|Mystery","language":"Zulu"},
{"title":"That Sinking Feeling","author":"Remus Montford","category":"Comedy","language":"Kazakh"},
{"title":"Hexed","author":"Vinny Assinder","category":"Comedy","language":"Pashto"},
{"title":"Watcher in the Woods, The","author":"Marianna Kendall","category":"Children|Horror|Mystery|Thriller","language":"Somali"},
{"title":"Eight Men Out","author":"Hillery Jereatt","category":"Drama","language":"Finnish"},
{"title":"100 Ways to Murder Your Wife (Sha qi er ren zu)","author":"Ellis Sheara","category":"Comedy","language":"Tsonga"},
{"title":"In the Mirror of Maya Deren (Im Spiegel der Maya Deren)","author":"Hallsy St. Ledger","category":"Documentary","language":"Māori"},
{"title":"Other End of the Line, The","author":"Carlos Tanner","category":"Comedy|Romance","language":"Irish Gaelic"},
{"title":"Resistance","author":"Andras Woolis","category":"Drama|Thriller|War","language":"Maltese"},
{"title":"Lila & Eve","author":"Prudi Bampforth","category":"Drama|Thriller","language":"Hungarian"},
{"title":"Kick-Ass","author":"Dominique Ethington","category":"Action|Comedy","language":"Northern Sotho"},
{"title":"Gabriel","author":"Emelda Ensley","category":"Action|Horror","language":"Japanese"},
{"title":"Free Radicals (Böse Zellen)","author":"Jami Quickfall","category":"Drama","language":"Guaraní"},
{"title":"4 Horsemen of the Apocalypse, The","author":"Wanids Matieu","category":"Drama","language":"Luxembourgish"},
{"title":"Knock on Wood","author":"Dominique Cortnay","category":"Comedy","language":"Luxembourgish"},
{"title":"Madame Rosa (La vie devant soi)","author":"Ruggiero Clews","category":"Drama","language":"Māori"},
{"title":"The Brave Little Toaster Goes to Mars","author":"Gawen Mee","category":"Animation|Children","language":"Italian"},
{"title":"I Am Maria (Jag är Maria)","author":"Teena Redfield","category":"Drama","language":"Kyrgyz"},
{"title":"Paradise Now","author":"Loy Castagnone","category":"Crime|Drama|Thriller|War","language":"Malay"},
{"title":"Big Bang in Tunguska (Das Rätsel von Tunguska)","author":"Herbie Duchesne","category":"Documentary","language":"Indonesian"},
{"title":"Korczak","author":"Margette Blanchard","category":"Drama|War","language":"Bosnian"},
{"title":"Hey Bartender","author":"Karrah Minter","category":"Documentary","language":"Korean"},
{"title":"Decline of Western Civilization, The","author":"Rosemonde Brader","category":"Documentary|Musical","language":"Marathi"},
{"title":"Everybody's Famous! (Iedereen beroemd!)","author":"Doe Morrallee","category":"Comedy|Drama|Musical","language":"Assamese"},
{"title":"Front Page, The","author":"Corrianne Adamski","category":"Comedy","language":"Moldovan"},
{"title":"Åsa-Nisse - Wälkom to Knohult","author":"Kassey Rickhuss","category":"Comedy","language":"Tamil"}]